,,,,,,,,,,,,
FLATS,,,,,,,,,,,,
People,Price,Flat,Flat no,Area,Postcode,North / South,Address,Availability,Image,Images,Video
4,650,2 bedroom flat,1,Croydon,SE25 6NN,South,4 Prince Road SE25 6NN,now,https://drive.google.com/uc?export=view&id=1uwnxtbm1rp4r-TiWCBmXSqlc95DEJ2Cz,https://drive.google.com/uc?export=view&id=1uwnxtbm1rp4r-TiWCBmXSqlc95DEJ2Cz|https://drive.google.com/uc?export=view&id=16TspXtm9DRy0q4ObEZBf28yGCAvqPvNV|https://drive.google.com/uc?export=view&id=1baOkfzR6cc1U2oC0BD8ff1I_WwNcG-q0|https://drive.google.com/uc?export=view&id=1EWWD_qdeedq9_ba9SwsWHpIXRWWavMUR|https://drive.google.com/uc?export=view&id=14yaOVCX5HuOZibzxVCXQDJr0R1SxAmbd|https://drive.google.com/uc?export=view&id=1lDr5aOOhHuahizFwJ9pXsxpvaaQGz5B6|https://drive.google.com/uc?export=view&id=1TGYBh2Ghq2uo5TeTZaoDlLBSN7D6G-YB|https://drive.google.com/uc?export=view&id=1O0xkxm3DwXM8XdoPNKuxgXt-IwAmLVsa|https://drive.google.com/uc?export=view&id=1vt55ZapX3ndLSttA0GmzfvV-quEXYkE1|https://drive.google.com/uc?export=view&id=1U8ihcQR29d7Z9RZtYyvz7ruj17B7jvZz|https://drive.google.com/uc?export=view&id=1FNuiacnE8Vle8NfeaK9BlkF5nlMa2cNW|https://drive.google.com/uc?export=view&id=1GGo-fmrKtRq1JObyYz-4N-WTODlUfhqm|https://drive.google.com/uc?export=view&id=1lVTzvSgNk_JNk1mqH-ccp0Qh_qGqM5jD|https://drive.google.com/uc?export=view&id=1Sv4SQaYUi2aWlAjCkBGSUG77IBR9gBvw|https://drive.google.com/uc?export=view&id=1qPM08T5SjpQY4lauki5W0Tm4RB1SuFcX,
4,750,3 bedroom flat,3,Croydon,SE25 6NN,South,4 Prince Road SE25 6NN,now,https://drive.google.com/uc?export=view&id=13zcNPFSVddgBtxyOGuX4eAoq8Xhlo3pe,https://drive.google.com/uc?export=view&id=13zcNPFSVddgBtxyOGuX4eAoq8Xhlo3pe|https://drive.google.com/uc?export=view&id=1fwVHyyC14QAabym4nKOc4kXkfdOk1r8Y|https://drive.google.com/uc?export=view&id=1GsfSKzRIcZIh4yQnIkCh6N2ySU1quth6|https://drive.google.com/uc?export=view&id=16y72roUCi-JRZpoKAy_7ywUqsB9AttuW|https://drive.google.com/uc?export=view&id=1CU14aQ38yTTkl9i2jkA0t4ZbY1FE22FT|https://drive.google.com/uc?export=view&id=1y711PmxHne0bJZxcbd_7PAfKoV5wFHcA|https://drive.google.com/uc?export=view&id=1po2jIKKkee5Ra5oXLtk4vO3Uz-zAk8Fo|https://drive.google.com/uc?export=view&id=1W25RQOKE-6dKGIafxQR2xahM-v-hNg4A|https://drive.google.com/uc?export=view&id=1ekmIX6wU2M0pYPxZw5WVe2o4M0iRkgLe|https://drive.google.com/uc?export=view&id=1e9vmRoxEM93NYzSaecFFBF4tGhk9KBx3|https://drive.google.com/uc?export=view&id=1eAvlzvNPF0mGBlI_4EkXEXYQvhBUu4th|https://drive.google.com/uc?export=view&id=1zlrcQsWYjR3ETROmqtR1vyL-_3L9Fth7,https://drive.google.com/file/d/1vRp8BBoFAqJ5ndZXtWQJYo1DpseyfM_s/view?usp=drive_link
4,650,2 bedroom flat,4,Croydon,SE25 6NN,South,4 Prince Road SE25 6NN,now,https://drive.google.com/uc?export=view&id=1kBb1qCrgElDcgkZG0Ve6d09L1_V24mD1,https://drive.google.com/uc?export=view&id=1kBb1qCrgElDcgkZG0Ve6d09L1_V24mD1|https://drive.google.com/uc?export=view&id=1oi0m_-UFwzwBx8ogMsTOjmq20XqwWsis|https://drive.google.com/uc?export=view&id=1dnb1-_l0KGLmbrahHrJ6alsZVgf5ppbr|https://drive.google.com/uc?export=view&id=1toUJ58q63-eKHEri0SH2y4KkMAZZrqsW|https://drive.google.com/uc?export=view&id=1T-jwLW3bMd3eOKsAgBimSXiGVfpzApvZ|https://drive.google.com/uc?export=view&id=1ledfwpl4-eHUbCP138VI2zNujyj18ZQR|https://drive.google.com/uc?export=view&id=1dX5vp0xCNWCkEgwf-0C-EdfiRkAmpKVo|https://drive.google.com/uc?export=view&id=1Cl3rPiEbHFnjHWev8DIvKhd_R8kThUsh|https://drive.google.com/uc?export=view&id=1ncBPzvrqpEvGh3yMxbI6zihbwDHguJxb|https://drive.google.com/uc?export=view&id=1ww7R-iJuA95j5a94VNzmbhQXPAFt0yJm|https://drive.google.com/uc?export=view&id=1txw028rvErFN7CAGfeZitRm-4Rf-mo1r,
4,650,2 bedroom flat,10,Harrow,HA2 7ES,North,"10 Kingston House, 232-238 Imperial Drive",now,https://drive.google.com/uc?export=view&id=1gDaxHhvAD_P3aMGO72fcGOYLSc4W4_qJ,https://drive.google.com/uc?export=view&id=1gDaxHhvAD_P3aMGO72fcGOYLSc4W4_qJ|https://drive.google.com/uc?export=view&id=1dhpvzgSutuiE_ZkT3K8XysrOkDgsNSXM|https://drive.google.com/uc?export=view&id=16tMFo9Wy0Fa_yqi1OzIjUfi1NGnwEuWU|https://drive.google.com/uc?export=view&id=1zUk2M07wK3XZZGY7ZazIxluAfkgqT_rD|https://drive.google.com/uc?export=view&id=1h-00UwyuJXnvCvZow2w4yHKPaxu393da|https://drive.google.com/uc?export=view&id=1yqFFhdvRjKlqpDDc-_MzfLmso_KBnWRA|https://drive.google.com/uc?export=view&id=1-1zIwSGKreQvuOVp_O8mpT21IczQZaSA|https://drive.google.com/uc?export=view&id=16ANDcPBOaBOK_fB0CMAahCOEZl8FYvkj|https://drive.google.com/uc?export=view&id=1ng7GxiNOO1bcEIhFVA7Nai9sVr3m1ldT,https://drive.google.com/file/d/16MBIEU4ua3Y20XQezoMMVprw8rAOczMk/view?usp=drive_link|https://drive.google.com/file/d/1QPkxsY7iyq0dYHlGGsSdzhshHT9OV8km/view?usp=drive_link|https://drive.google.com/file/d/1kdZo6FaJtE-iyJSRH6IjmSi8u0fLFjL1/view?usp=drive_link|https://drive.google.com/file/d/10O6ss5s_ZPQpCripyRNvEscyTL_g609t/view?usp=drive_link
2,500,1 bedroom flat,12,Romford,RM1 1TR,East,Opal House, 1 Regarth Avenue Romford RM1 1TJ,now,,
2,650,2 bedroom flat,2,Croydon,SE19 3HF,South,284 Beulah Hill SE19 3HF,now,https://drive.google.com/uc?export=view&id=1MRZfskhdmNnrmNHMGdeU0fVkZwvYFBvS,https://drive.google.com/uc?export=view&id=1MRZfskhdmNnrmNHMGdeU0fVkZwvYFBvS|https://drive.google.com/uc?export=view&id=128kLpyy5ngjF8hSJFmw2mRCN6mEiZgdJ|https://drive.google.com/uc?export=view&id=15VAV9tY1OQf6P15I3Ozfw3OyXuivpng2|https://drive.google.com/uc?export=view&id=1rUAFEHkXmm-Ts6C3Yq9-S0d16f3ZFgyq|https://drive.google.com/uc?export=view&id=1ME7ARu7Awl22LdetX4QZFJxXznxHWBrX|https://drive.google.com/uc?export=view&id=1y_9C1dHp-_3Ta-u1Iachslaw-ozbGwlF|https://drive.google.com/uc?export=view&id=1_LWvVgAFxb_y04ViXM73WUjutAGD4gNr|https://drive.google.com/uc?export=view&id=1xHaactaZKGfj4BG0AiM3YNRA405i-x8W|https://drive.google.com/uc?export=view&id=1FGu_Z0Tm5JqgGzgFuaxQ4Z7Ta8LaQU-Q|https://drive.google.com/uc?export=view&id=1FQQv9wxjqSOujN9Qtb_nEXjeRpfBtePL|https://drive.google.com/uc?export=view&id=1I2DLl_3sQzEAArKX5LjlvVWUFuA9OxlO|https://drive.google.com/uc?export=view&id=1Lg0NH1kaGg7S2Rvav6D0YUduciIIE6gw,https://drive.google.com/file/d/1uO68oKEiudlLr2cFlHLe6Ej1owJNKKVu/view?usp=drive_link
4,600,2 bedroom flat,1,Croydon,CR7 6AZ,South,681 London Road CR7 6AZ,now,https://drive.google.com/uc?export=view&id=1v27gdslOCZzjgZYAV1ywWrQgnFxcswV9,https://drive.google.com/uc?export=view&id=1v27gdslOCZzjgZYAV1ywWrQgnFxcswV9|https://drive.google.com/uc?export=view&id=1OoSuGOAb-hhi0At2bKJykNqBj4V8lxD-|https://drive.google.com/uc?export=view&id=1JnPJoTiEKXsFHLHvIxwd2n2k16h_ZtX2|https://drive.google.com/uc?export=view&id=14PQhCDDvv33D1j0NXKgTZJLEDNnWr7n_|https://drive.google.com/uc?export=view&id=1rywvaWf1zlW8RN9IPkctb55vuhEUEekM|https://drive.google.com/uc?export=view&id=1B3mrp2ytCz0CTeEziSb9Q-jDifBjhBMn|https://drive.google.com/uc?export=view&id=1i3kSp7_drtUg3AAIzY8oGgsyVipXAdb6|https://drive.google.com/uc?export=view&id=1oJJHJe7aAWYOW5HRBmU8Klo4gIWTBBvX|https://drive.google.com/uc?export=view&id=1HbuE4RJwwdEherzOWO-2N0j1D0C5mTRO|https://drive.google.com/uc?export=view&id=1tgLd_uqVrV7RToo3BiJoaq0mS0hKQjOR|https://drive.google.com/uc?export=view&id=1ztAT630VEIgo3k6sE4b5SMgr2AqMXDzn,
4,600,2 bedroom flat,2,Croydon,CR7 6AZ,South,681 London Road CR7 6AZ,now,https://drive.google.com/uc?export=view&id=1rmiHzhT7x9dHGU3IUF_gSy6mn9jVus51,https://drive.google.com/uc?export=view&id=1rmiHzhT7x9dHGU3IUF_gSy6mn9jVus51|https://drive.google.com/uc?export=view&id=1VPEodiV54vXKi0MheB3gSIAi64OKrQRf|https://drive.google.com/uc?export=view&id=18v9ashGYYksL0yrUdI7lqIX9EGWRo9zx|https://drive.google.com/uc?export=view&id=1lfzc9r7CxcYQ5TnZvVaekCa_gXn03HK_|https://drive.google.com/uc?export=view&id=1ppmM5_F03JrUz3GgK26Dnxhj-DSIa4bO|https://drive.google.com/uc?export=view&id=1ZvWpRMibxBBwNZTCUxkOuMUbzfLUt-2y|https://drive.google.com/uc?export=view&id=1kyBWJmeFp6O8YY3KJtp-yuK5oBKa2d2H|https://drive.google.com/uc?export=view&id=1Q19zMcPicZX4kmRXDmnaTYi0CBShBLCf|https://drive.google.com/uc?export=view&id=15nrJX1ZkG-yUOof_64xpNnsMS7cYKjyr|https://drive.google.com/uc?export=view&id=14uZAsxl8uP44MqfuR25VNwuFEzTBGPCq|https://drive.google.com/uc?export=view&id=18esXX2HKtEiajyIXe92ADzsqJ4F7CJiI,
4,600,2 bedroom flat,3,Croydon,CR7 6AZ,South,681 London Road CR7 6AZ,now,https://drive.google.com/uc?export=view&id=1QNZky7d5Osf1G0gbMPNG67nd3zME197S,https://drive.google.com/uc?export=view&id=1QNZky7d5Osf1G0gbMPNG67nd3zME197S|https://drive.google.com/uc?export=view&id=1dYRoP6fhqdDLDnBTmZkW-NB_vK3jrVnh|https://drive.google.com/uc?export=view&id=1vuuYEqjaSAMhARe_i9hUnozxrPWpcnn5|https://drive.google.com/uc?export=view&id=1JMnrleEWm9fJ13ziZUKeQ_ba7ooNuWNk|https://drive.google.com/uc?export=view&id=1dQ-Vt71M78vlwjlTrPULR0vbOrpv2pWk|https://drive.google.com/uc?export=view&id=1mHRlZpimpMggkdJ1lI7a1ORECWKk-DGV|https://drive.google.com/uc?export=view&id=1n6P0gulQBcs_Ztw_Hf38C2bYLSFnGqeT|https://drive.google.com/uc?export=view&id=1BbiM6YzSO3WlZYDj6DNJzJqvJADw_-EM|https://drive.google.com/uc?export=view&id=142DOtbVCydzi_9pXAJjEKUcRLI_9Es39|https://drive.google.com/uc?export=view&id=1VCPBNtfrlDp0nAGSbInD2RSpQx7vbFXD|https://drive.google.com/uc?export=view&id=18CdNP4dQpJ6azHtFdwNn_R8czuJcXIiE|https://drive.google.com/uc?export=view&id=1kXuTZEov0zrVAVIasAo0YjsP3LllW0mv,
4,600,2 bedroom flat,4,Croydon,CR7 6AZ,South,681 London Road CR7 6AZ,now,https://drive.google.com/uc?export=view&id=1pefN3m6LkBKQD2543TYIwvdpNxaVp4uW,https://drive.google.com/uc?export=view&id=1pefN3m6LkBKQD2543TYIwvdpNxaVp4uW|https://drive.google.com/uc?export=view&id=1OQlGgl_LUETgv634PBMDUa76D3fNzvnF|https://drive.google.com/uc?export=view&id=1ESoMNuq1UQ8jCmPSQj7MTulEKCqL0eqg|https://drive.google.com/uc?export=view&id=1hm73JwlPiL0qKPdpoI4Lsf3Ro4rEVcTT|https://drive.google.com/uc?export=view&id=1saTOcQytO0DCW_TUUL38te_-mL0y3rZ2|https://drive.google.com/uc?export=view&id=11A2CHExFDCOV8vH_VHO7Cz2_pC3Qshmp|https://drive.google.com/uc?export=view&id=15ToXAWqsQsow6dfs0IPm376Q2luaXqbj|https://drive.google.com/uc?export=view&id=1EkwsN8264V25g3vQZI9DBBIBtZrjl2Od|https://drive.google.com/uc?export=view&id=1b6Qr5z-wjzS-tXStvMQOnqaXG3Fc5NTp|https://drive.google.com/uc?export=view&id=1cgrDhBNKM_9DVHyOGUbVayj73o3MI9KQ|https://drive.google.com/uc?export=view&id=1C2-KZmduapvWfcLX8Qn0VAt7L6qoMpdp|https://drive.google.com/uc?export=view&id=1AlW6Rz0jjjBmy-oXHm2l_Vcfu1OWkpmh|https://drive.google.com/uc?export=view&id=1QhHD-bAzA3tvsUSVJiCB5qvCpiZo5Noq,
4,600,2 bedroom flat,C,Redhill,RH1 6PS,South,145 C Brighton Road RH1 6PS,28/05/2026,https://drive.google.com/uc?export=view&id=1WkEfux0xfB45FuC-1waS0h-UEwWKTIhQ,https://drive.google.com/uc?export=view&id=1WkEfux0xfB45FuC-1waS0h-UEwWKTIhQ|https://drive.google.com/uc?export=view&id=1VBtKfbUR5c4Y52kV3hP7dRukwrpQd-Jx|https://drive.google.com/uc?export=view&id=1O-Mw1sNSUsw0R-yHvwopBiZhVfwpKJw9|https://drive.google.com/uc?export=view&id=1OL48torTJi2491yUAPDjRUwFm2d070aB|https://drive.google.com/uc?export=view&id=1CKw6USFrncE_JAVNILjFZjNk4qOo0WO3,
2,480,1 bedroom flat,3,Tottenham,N17 0SP,North,68 Willoughby Lane N17 0SP,02/06/2026,https://drive.google.com/uc?export=view&id=1RDmNO5ow79xivlqEcFJ_-uKaRCUzU-AB,https://drive.google.com/uc?export=view&id=1RDmNO5ow79xivlqEcFJ_-uKaRCUzU-AB|https://drive.google.com/uc?export=view&id=18QhNtdlhKW0U8r9YwoMpOB93EfHCfSrr|https://drive.google.com/uc?export=view&id=1kVyculTyvFcIUXFeMNOyni2hiED05lZ4|https://drive.google.com/uc?export=view&id=1m0WLgcqeeW6FUOR1Wykk_eSvCoc00Q-K|https://drive.google.com/uc?export=view&id=1X1EVCXhO-pvTjQhakAsPu6nIESwOkH8Z|https://drive.google.com/uc?export=view&id=14htUMe7XFIBpgbTT-oEjWtnKvmkaKtNN|https://drive.google.com/uc?export=view&id=1KyP2lk7ZUKsBygU0GchdzupXCv3hqMHV|https://drive.google.com/uc?export=view&id=1-aEmHIdjyTUkhmi1IBInzumQba0ECXjh,https://drive.google.com/file/d/12i3AcPoPra7wT4xy06VjmwlPHUSpeOfn/view?usp=drive_link
,,,,,,,,,,
ROOMS,,,,,,,,,,,,
People,Price,Room Type,Room,Area,Postcode,North / South,Address,Availability,Image,Images,Video
2,350,Studio,8,Dollis Hill,NW10 2EL,North,1 Meyrick Road NW10 2EL,now,https://drive.google.com/uc?export=view&id=1Q24ErsZeTNJm9tSEgVWDAvOA8H-02OUz,https://drive.google.com/uc?export=view&id=1Q24ErsZeTNJm9tSEgVWDAvOA8H-02OUz|https://drive.google.com/uc?export=view&id=144Bl2iRk_0s5asPc1WHtc3x8t9Oq6XQN|https://drive.google.com/uc?export=view&id=1aNXa7SopcnpHB-BxL-uizuToXB45HWG2|https://drive.google.com/uc?export=view&id=1D_dl5enXFuNSPD_b4eWkR-JBpN6DoxKr|https://drive.google.com/uc?export=view&id=1HEKo3_V5VZts0r-qxrwTYqgFfbNT3EUP|https://drive.google.com/uc?export=view&id=1eqdSoV6-arQnO9Np1CKaZqMqhAJjHQDZ|https://drive.google.com/uc?export=view&id=1ByqPT7eUeN9z_IaV4IFiNyKiz36K6scV|https://drive.google.com/uc?export=view&id=11H_511T9zQthP_YL_ADQMcoQdPcFElmt,https://drive.google.com/file/d/1QSjzHELhhtley4apYW1x54R313Mf3CkC/view?usp=drive_link
2,280,Studio,4,Streatham,SW16 5BA,South,2 Bencroft Road SW16 5BA,now,https://drive.google.com/uc?export=view&id=1bHw6i5qf06es49eY3x0hZSbxfbCCzQa3,https://drive.google.com/uc?export=view&id=1_tGl2m_M60wJIm1XMqRvjjHlkaeo6sk5|https://drive.google.com/uc?export=view&id=1kqs9FomsylDymaFtxAFgpiY-5MyJ7pUg|https://drive.google.com/uc?export=view&id=1A7SJPtYi_ET8vM2eZWdKN1WY_b0U-InR|https://drive.google.com/uc?export=view&id=1llWp2zMRMXQv54903yUW4eynCx0l5bU5,https://drive.google.com/uc?export=view&id=1j7bAJIcDndZ3ddG2ImB9_6bPBLvnCxIX
2,280,Studio,4,Harlesden,NW10 8HU,North,6 Barrs Road NW10 8HU,now,https://drive.google.com/uc?export=view&id=1QOQM2T-T4v2PborgnFK91jseLuMbEUCX,https://drive.google.com/uc?export=view&id=1c42DqxCrNrdbkzUepY94EDeg0lQvz124|https://drive.google.com/uc?export=view&id=18YXF8lGCkCJ8R48hEBFrrG0ujleAmyPz|https://drive.google.com/uc?export=view&id=1I2lJRr3Nz5h1yFhYKSjN6HFEpVJ9MQtL|https://drive.google.com/uc?export=view&id=12x6r9p3Qe075yHz5J-cxYfnbYpWHetI4,https://drive.google.com/uc?export=view&id=1Ba7bAM3qYUBf-KAsBBI-SIKVtNFuihMV
1,160,single,5,Neasden,NW2 7DL,North,10 Paddock Road NW2 7DL,now,,,
1,160,single,8,Neasden,NW2 7DL,North,10 Paddock Road NW2 7DL,now,https://drive.google.com/uc?export=view&id=18D4FAjFTwvbRwZVtVhhtd_E_DOi8_Cxv,https://drive.google.com/uc?export=view&id=1a5SnD5FA-No8VI-RN1bfw_7JCppHKybU|https://drive.google.com/uc?export=view&id=1wBuk-exAKpUeC8yGNLkrHqah-j-F4xqU,https://drive.google.com/uc?export=view&id=1ElIQgfWjvxQnXvkzW5wl3OlQBJfl9LXT
2,270,Ensuite,4,Streatham,SW16 5BJ,South,10 Larbert Road SW16 5BJ,now,https://drive.google.com/uc?export=view&id=19fOt-IA4xfiFQPHWI8lCDqnkFoa8lGe6,https://drive.google.com/uc?export=view&id=1XNwa9B2UqJSxivtRuINOyavvzBKFBcdS|https://drive.google.com/uc?export=view&id=1w9Sav27QMELFaUyd6zJ6KbpZ1nYqe6ea|https://drive.google.com/uc?export=view&id=1Ahnrmrm0aaeGfGSY_TojN5oQLT45A9MF|https://drive.google.com/uc?export=view&id=1FJrmQOgLcSeHzXlaETDNJZ9Mbn01d74T|https://drive.google.com/uc?export=view&id=1r20rODzN_tUaA92nQFR0_QojXVlagMse,https://drive.google.com/uc?export=view&id=1LkQnfEcMyg5EL8sPhN5wimdIvqG-efDw
2,270,Ensuite,4,Streatham,SW16 5UP,South,12 Grayscroft Road SW16 5UP,now,https://drive.google.com/uc?export=view&id=1vO_QWXU-usxbDkBubyh1c2fYXiD_PD_X,https://drive.google.com/uc?export=view&id=1Zuc2w3Z1KBtj7ToFSRAlLTo9CI3yIaeb|https://drive.google.com/uc?export=view&id=19CQDoXzFSXO1BLl0cU0FKLUjjO7cgxhD|https://drive.google.com/uc?export=view&id=1DDSCMqWXgtSm93hhNDt_B6AJrFvcMAJX,https://drive.google.com/uc?export=view&id=1CH38pV7H-slgD4BnuoiljCpiDVowRmDp
2,220,Double,4,Golders Green,NW11 0QR,North,"19 Temple Fortune Mansions, Finchley Road",now,,,
2,270,Ensuite,6,Mitcham,CR4 4EE,South,28 Broadway Gardens CR4 4EE,now,,,
2,270,Ensuite,1,Norwood,SE27 9JY,South,28 Dunbar Street SE27 9JY,now,https://drive.google.com/uc?export=view&id=1gPrCgT4N9TVFhyO214PqfOqOi_uVASV5,https://drive.google.com/uc?export=view&id=17KGWgJ_tIzCg1VGxAFatE6uot962UPPV|https://drive.google.com/uc?export=view&id=1J1-WLEDqRyoRMot8ikgeaFSd5ZRHrs4T|https://drive.google.com/uc?export=view&id=1ySqzbPldjPEtaBXHU0TILgET9YA-thTC|https://drive.google.com/uc?export=view&id=19Bzvmu0HmUMu5_uR6haQX-CBy5tEfQTP|https://drive.google.com/uc?export=view&id=1hg_WivLzXcQmmzyc2CfjgRl7VAORkU3_,https://drive.google.com/uc?export=view&id=1Q5U7_DwM4MA746sDmNBl7avbYLFn0Owd
2,270,Ensuite,6,Norwood,SE27 9JY,South,28 Dunbar Street SE27 9JY,now,https://drive.google.com/uc?export=view&id=17F0sLBjFG_OaRP1drUHD6Fk03k7wuK-U,https://drive.google.com/uc?export=view&id=1vwyW9XWKOoIny1M7xPhZPz4axU66tVdf|https://drive.google.com/uc?export=view&id=10pu3EfQ1D0NghVH8sx6X5-oEFgeGnbKo|https://drive.google.com/uc?export=view&id=1MjCrIph9G8Gxmg4WwxCALGBwa6dVv7_b|https://drive.google.com/uc?export=view&id=1llWtLXe5lJw4yJwIPu2Hjm4wQel4_8gE|https://drive.google.com/uc?export=view&id=1qFMQTfRPziJ2Up45bJKlahuK_RrPbZMJ|https://drive.google.com/uc?export=view&id=1oSM6FG8OH7ueGvLwGmDh_lotINe03CF-,https://drive.google.com/uc?export=view&id=19QqtKfooTsbjNVLc0PU89wDImtoqlVqz
2,270,Ensuite,1,Neasden,NW10 9NU,North,46 Ilex Road NW10 9NU,now,https://drive.google.com/uc?export=view&id=17F0sLBjFG_OaRP1drUHD6Fk03k7wuK-U,https://drive.google.com/uc?export=view&id=1vwyW9XWKOoIny1M7xPhZPz4axU66tVdf|https://drive.google.com/uc?export=view&id=10pu3EfQ1D0NghVH8sx6X5-oEFgeGnbKo|https://drive.google.com/uc?export=view&id=1MjCrIph9G8Gxmg4WwxCALGBwa6dVv7_b|https://drive.google.com/uc?export=view&id=1llWtLXe5lJw4yJwIPu2Hjm4wQel4_8gE|https://drive.google.com/uc?export=view&id=1qFMQTfRPziJ2Up45bJKlahuK_RrPbZMJ|https://drive.google.com/uc?export=view&id=1oSM6FG8OH7ueGvLwGmDh_lotINe03CF-,https://drive.google.com/uc?export=view&id=19QqtKfooTsbjNVLc0PU89wDImtoqlVqz
2,270,Ensuite,2,Neasden,NW10 9NU,North,46 Ilex Road NW10 9NU,now,https://drive.google.com/uc?export=view&id=1ZmypNgMclm4CWGZ0TWRa_B1Ncc5gXed-,https://drive.google.com/uc?export=view&id=1njpKFTE3bSchO2PiuT643EXOiDnVo7-r|https://drive.google.com/uc?export=view&id=1Yfh3QPXNgqJkwzcgpXqMxJbvhEcLzGd4|https://drive.google.com/uc?export=view&id=1htlUryC9a4T0HEilJef5qlEzjPlDCcUG,https://drive.google.com/uc?export=view&id=1qkz-dziOtvNz9BLHBlWE5AekFGOoAxBz
2,270,Ensuite,3,Neasden,NW10 9NU,North,46 Ilex Road NW10 9NU,now,https://drive.google.com/uc?export=view&id=15gezfWl2VkUnWONNP28xlkj8v5rhovWK,https://drive.google.com/uc?export=view&id=10fhBmBwodfTVYhb7kxq4-8XejMITTFwu|https://drive.google.com/uc?export=view&id=14PgC9-wsM2PMwBm6e_rTm2qCRWMepuzl,https://drive.google.com/uc?export=view&id=1hVGUp7kFp-WhKoewdAilenvAFJ3tYEEi
2,360,Studio,7A,Streatham,SW16 5RZ,South,56 Buckleigh Road SW16 5RZ,now,https://drive.google.com/uc?export=view&id=1TqdhFWTmLJFqW_i5nhVzq-zV4M2MBfAV,https://drive.google.com/uc?export=view&id=1tQ2FndepI7tr94JdugxoQT1Ux9a7y9k3|https://drive.google.com/uc?export=view&id=1bpcWZfMGlIOp2bGfvUVqA4ubczSswioo|https://drive.google.com/uc?export=view&id=1Mxv6o3sP13TvuWJpiJ5W-FvGWQ9lVPr2|https://drive.google.com/uc?export=view&id=1Puhqa0sqPHtxxAibvrDxhSiV2SHTTLJ3|https://drive.google.com/uc?export=view&id=1dUPtstkL5YLajlU0u7Q1LciqEhh48BF1,https://drive.google.com/uc?export=view&id=1YaeX9o0lh66a41JZBUsCFFwWkQA83YBz
2,320,Studio,3C,Streatham,SW16 5RZ,South,56 Buckleigh Road SW16 5RZ,now,https://drive.google.com/uc?export=view&id=197hnHmUu7i-lmn42uepIHXcL9RMMinuB,https://drive.google.com/uc?export=view&id=18Ng6u06VCBz7Zik7RrCxep5c4DypaIl_|https://drive.google.com/uc?export=view&id=1w7GBVOAmR4IhfMFnNqbAHH2XvXxDSIMc|https://drive.google.com/uc?export=view&id=1xAMh907u7GGB9FPHknzB-127fKySbH7u,https://drive.google.com/uc?export=view&id=17bmGQK863YmfDFWnYE-6S5WEM-MHZEIA
2,320,Studio,5,Streatham,SW16 5RZ,South,56 Buckleigh Road SW16 5RZ,now,https://drive.google.com/uc?export=view&id=163AlElhk4Z61u5ZpHdATW_zV5rb1pwB1,https://drive.google.com/uc?export=view&id=1rPpgTe9PLeHStRKZnDUViKP1Qr6ZP88p|https://drive.google.com/uc?export=view&id=1hfGXLs6H_ifNC466EucVIsBH3yyF9iz6|https://drive.google.com/uc?export=view&id=1yXWdrCLW4PRGNoq43Cjjg5t6zZIeFf13|https://drive.google.com/uc?export=view&id=1stxQG15qz_5J9gNhBp2RhhaXJRb5lMVu|https://drive.google.com/uc?export=view&id=18BqFc-IHbj75zgB8d7AoTrqVVuErNTa3,https://drive.google.com/uc?export=view&id=1b6IeV2Acsvtr7Vd-LHINm7aFAHO7GQw7
2,370,Studio,6,Streatham,SW16 5RZ,South,56 Buckleigh Road SW16 5RZ,now,https://drive.google.com/uc?export=view&id=1ZTPyJ6zglckGhQic0phg8kxA6HRU2ys_,https://drive.google.com/uc?export=view&id=1XQ5YFNgzOxMJ6innG_5Y0mTruBb3SxnV|https://drive.google.com/uc?export=view&id=16ok8KMWnI0sPIAcOD5un_amWUYeteE_I|https://drive.google.com/uc?export=view&id=1Fh02DxaYNRdTxnslYeX4W_cXENp-WRNl|https://drive.google.com/uc?export=view&id=1oPj8PEx_N89Hdg8JBegYOcYK_6Tzoqmn|https://drive.google.com/uc?export=view&id=1t5PxOmQv920IScto-_IkASWfSOigVUxO,https://drive.google.com/uc?export=view&id=1g34XU3T8UircedTbwfJformFuEAWfnsS
2,360,Studio,7B,Streatham,SW16 5RZ,South,56 Buckleigh Road SW16 5RZ,now,https://drive.google.com/uc?export=view&id=1Tlb-QgpLPdzclSrB14IhdxIszgKgV-G5,https://drive.google.com/uc?export=view&id=1ODVdkgwli8dwwUsGAiqG5tzU-m7lTWAS|https://drive.google.com/uc?export=view&id=1CLnrGhTgrKs0IGkyn2jH1UHqxDj9dnjk|https://drive.google.com/uc?export=view&id=1LEcVpotK4DtD1I99Canf-81QeKKUNJJn|https://drive.google.com/uc?export=view&id=1lWgLRpbjDam3IS-ddgBwlMsmqpCUrpKy|https://drive.google.com/uc?export=view&id=1rIp8Z3H8J31uXQuHNBXofcpnehhiGArp,https://drive.google.com/uc?export=view&id=1UODESqUjv8LSyd-VABZzse6bKIKy2ETj
2,£290-300,Studio,1,Greenford,UB6 9BA,North,59 Greenford road UB6 9BA,now,https://drive.google.com/uc?export=view&id=1K8eKGKPxTjZc7KDHG7lQ8JqO-_7HVChO,https://drive.google.com/uc?export=view&id=1SA1HZxBiMmachm6UVgDXe9BGY2uvPrla|https://drive.google.com/uc?export=view&id=10Tu_7q1JDTgJGomCM4Q03mAYjJLSTQVJ|https://drive.google.com/uc?export=view&id=1Bi-6xzlZjH0D5XYudfPpNGleJMd6Y0Er|https://drive.google.com/uc?export=view&id=1DaikVUXbwS6e3qaeGCp9qVVMnrIwJaVe|https://drive.google.com/uc?export=view&id=1TBUmcT_xzxtX8RiRksRKeV1Po9YtSBem|https://drive.google.com/uc?export=view&id=1RUwIj5PpsXP-ZEqUtUPqzaOVOUYOrF65,https://drive.google.com/uc?export=view&id=12ltZ9N35yud0VRXBq_m6k0ggq92Qs5cd
2,£320-£330,Studio,2,Greenford,UB6 9BA,North,59 Greenford road UB6 9BA,now,https://drive.google.com/uc?export=view&id=1HQEbUvTM6N2P8JxxhSJf01yqOTZcZ4La,https://drive.google.com/uc?export=view&id=14IKT9DyivmI7morLv8COoFA1f_OtWYRl|https://drive.google.com/uc?export=view&id=18ihQ8tIU2352GO7dlg4QADLQzYXV37yJ|https://drive.google.com/uc?export=view&id=1AXslyrou4WKUwH5-O0Tr4bLg3au4lKrb|https://drive.google.com/uc?export=view&id=12p8F3sgBDXpvhaJ0kJUsmdpGAUfC7IAp|https://drive.google.com/uc?export=view&id=1syeJ77TuKMflvEk-TJgtUHFt_mfP5nQ2|https://drive.google.com/uc?export=view&id=1tRedtkRaaEpA9vd46UpUya8FLQAxK0zy|https://drive.google.com/uc?export=view&id=1cy4Veo88aQS5lxAV_6uYL43KJ6Cl0C32,https://drive.google.com/uc?export=view&id=1XhbcsgZ97dhVP8EM0Kp2YeVSEcTn9M2H
2,£290-300,Studio,4,Greenford,UB6 9BA,North,59 Greenford road UB6 9BA,now,https://drive.google.com/uc?export=view&id=1EZLm5szGpvVmqj8m_6A94nrZmWPT8zi-,https://drive.google.com/uc?export=view&id=1EZLm5szGpvVmqj8m_6A94nrZmWPT8zi-|https://drive.google.com/uc?export=view&id=1h6sonYK3uKQrmi0XqTyHSDzENrAZWwd0|https://drive.google.com/uc?export=view&id=1J3BA9Bb5T1FDWU9REdK6Wg-GB_n_zSZX|https://drive.google.com/uc?export=view&id=1Fhezw-iUO8z_eG9zoHLbuSEfXa72FkpI|https://drive.google.com/uc?export=view&id=1m_v57HNux93eVuwYT_cVfTlYrT_YBwUn,https://drive.google.com/file/d/1_qhgyvazEVcz4BnD2JFdtnVHr_L5d4DJ/view?usp=drive_link
2,£290-300,Studio,5,Greenford,UB6 9BA,North,59 Greenford road UB6 9BA,now,https://drive.google.com/uc?export=view&id=14yYUT_6DOUA7j-OZbTMivKK3s0Kx3jf6,https://drive.google.com/uc?export=view&id=14yYUT_6DOUA7j-OZbTMivKK3s0Kx3jf6|https://drive.google.com/uc?export=view&id=1hdpOA78Ozp3YMCXoOoYiKJgzdfY5Euhj|https://drive.google.com/uc?export=view&id=1_bsJRF3LlCa15rPwq4g1aaOvWjSpvrfc|https://drive.google.com/uc?export=view&id=1Ns8c3RLlRid4BaZ9xYHYn06Ebvh5BO6b|https://drive.google.com/uc?export=view&id=1uXbkJEZg342Zx7ncilwuxUgXJ4XbCh1x|https://drive.google.com/uc?export=view&id=14unsB_IbSW0wiWzpQ9dvYV50NjBmrNjC,https://drive.google.com/file/d/1-kmgiHGeWU2csDCemaely97zg7TIPfOR/view?usp=drive_link
2,270,Ensuite,4,Lambeth,SE27 0UG,South,62 Dassett Rd SE27 0UG,now,,
2,280,Studio,1,Feltham,TW13 5AR,North,62 Queens Road TW13 5AR,now,,,
2,270,Ensuite,2B,Greenford,UB6 9BA,north,63 Greenford Road UB6 9BA,now,,,
2,270,Ensuite,1,Streatham,SW16 5BJ,South,66 Larbert Road SW16 5BJ,now,,,
2,280,Ensuite,2B,Brixton,SW2 3TU,South,75 Downton Avenue SW2 3TU,now,,,
2,300,Studio,C,Stamford Hill,N16 5JY,north,78 Dunsmure Road N16 5JY,now,,,
2,250,Ensuite,1,Lewisham,SE6 1XZ,south,93 Arngask Road SE6 1XZ,now,,,
2,240,Ensuite,5,Lewisham,SE6 1XZ,south,93 Arngask Road SE6 1XZ,now,,,
2,300,Studio,1,Uxbridge,UB6 9HB,north,111 Hurley Road UB6 9HB,now,,,
2,270,Ensuite,2,Streatham,SW16 5DY,south,135 Glenister Park Road SW16 5DY,now,,,
2,270,Ensuite,4,Streatham,SW16 5DY,South,151 Glenister Park Rd SW16 5DY,now,,,
2,320,Studio,1B,Willesden Green,NW10 2PB,North,156 High Road NW10 2PB,now,,,
2,320,Studio,4B,Willesden Green,NW10 2PB,North,156 High Road NW10 2PB,now,,,
2,270,Ensuite,3,Streatham,SW16 5AQ,South,170 Abercairn Road SW16 5AQ,now,,,
2,270,Ensuite,3,Lambeth,SE27 9SF,South,172 Hamilton Road SE27 9SF,now,,,
2,270,Ensuite,4,Streatham,SW16 4TT,South,292 Northborough Road SW16 4TT,now,,,
2,270,Ensuite,5,Streatham,SW16 4TT,South,296 Northborough Road SW16 4TT,now,,,
2,220,Double,3,Elephant & Castle,SE15 1JF,South,660 Old Kent Rd SE15 1JF,now,,,
2,270,Ensuite,4,Mitcham,CR4 1QA,South,3 Conway Gardens CR4 1QA,29/05/2026,,,
2,340,Studio,4,Dollis Hill,NW10 2EL,North,1 Meyrick Road NW10 2EL,30/05/2026,,,
2,340,Studio,13,Dollis Hill,NW10 2EL,North,1 Meyrick Road NW10 2EL,30/05/2026,,,
2,280,Studio,1,Streatham,SW16 5BJ,South,6 Larbert Road SW16 5BJ,30/05/2026,,,
2,270,Ensuite,2,Streatham,SW16 5UP,South,12 Grayscroft Road SW16 5UP,30/05/2026,,,
2,270,Ensuite,4,Hendon,NW4 4BB,North,13 Egerton Gardens NW4 4BB,30/05/2026,,,
2,270,Ensuite,D1,Ealing,W3 6LH,West,39 Alfred Road W3 6LH,30/05/2026,,,
2,340,Studio,3A,Streatham,SW16 5RZ,South,56 Buckleigh Road SW16 5RZ,30/05/2026,,,
2,300,Studio,4,Canning Town,E16 4NN,east,102 Hilda Road E16 4NN,30/05/2026,,,
2,270,Ensuite,4,Streatham,SW16 4TS,South,386 Northborough Road SW16 4TS,30/05/2026,,,
2,320,Studio,3D,Streatham,SW16 5RZ,South,56 Buckleigh Road SW16 5RZ,31/05/2026,,,
2,340,Studio,A3,Ealing,W3 6LH,West,39 Alfred Road W3 6LH,01/06/2026,,,
2,270,Ensuite,6,Lewisham,SE12 8DS,South,44 Leyland Road SE12 8DS,08/06/2026,,,
2,320,Studio,1B,Willesden Green,NW10 2PB,North,156 High Road NW10 2PB,22/07/2026,,,
